Name,Saga Folder,Filename,Prompt
Antlion,half_life,antlion.png,"Epic digital art of Antlion from Half-Life, mob design, fantasy style, high quality, detailed, 4k resolution"
Turret,half_life,turret.png,"Epic digital art of Turret from Half-Life, mob design, fantasy style, high quality, detailed, 4k resolution"
Space Pirate,metroid,space_pirate.png,"Epic digital art of Space Pirate from Metroid, mob design, fantasy style, high quality, detailed, 4k resolution"
Ing,metroid,ing.png,"Epic digital art of Ing from Metroid, mob design, fantasy style, high quality, detailed, 4k resolution"
Rezbit,metroid,rezbit.png,"Epic digital art of Rezbit from Metroid, mob design, fantasy style, high quality, detailed, 4k resolution"
Grunt,halo,grunt.png,"Epic digital art of Grunt from Halo, mob design, fantasy style, high quality, detailed, 4k resolution"
Jackal,halo,jackal.png,"Epic digital art of Jackal from Halo, mob design, fantasy style, high quality, detailed, 4k resolution"
Drone,gears_of_war,drone.png,"Epic digital art of Drone from Gears of War, mob design, fantasy style, high quality, detailed, 4k resolution"
Watcher,halo,watcher.png,"Epic digital art of Watcher from Halo, mob design, fantasy style, high quality, detailed, 4k resolution"
Imp,doom,imp.png,"Epic digital art of Imp from Doom, mob design, fantasy style, high quality, detailed, 4k resolution"
Covenant Grunt,halo,covenant_grunt.png,"Epic digital art of Covenant Grunt from Halo, mob design, fantasy style, high quality, detailed, 4k resolution"
Wretch,gears_of_war,wretch.png,"Epic digital art of Wretch from Gears of War, mob design, fantasy style, high quality, detailed, 4k resolution"
Drone,gears_of_war,drone.png,"Epic digital art of Drone from Gears of War, mob design, fantasy style, high quality, detailed, 4k resolution"
Xenomorph Drone,alien,xenomorph_drone.png,"Epic digital art of Xenomorph Drone from Alien, mob design, fantasy style, high quality, detailed, 4k resolution"
Necromorph Slasher,dead_space,necromorph_slasher.png,"Epic digital art of Necromorph Slasher from Dead Space, mob design, fantasy style, high quality, detailed, 4k resolution"
Necromorph Leaper,dead_space,necromorph_leaper.png,"Epic digital art of Necromorph Leaper from Dead Space, mob design, fantasy style, high quality, detailed, 4k resolution"
Necromorph Lurker,dead_space,necromorph_lurker.png,"Epic digital art of Necromorph Lurker from Dead Space, mob design, fantasy style, high quality, detailed, 4k resolution"
Splicer,bioshock,splicer.png,"Epic digital art of Splicer from Bioshock, mob design, fantasy style, high quality, detailed, 4k resolution"
Saibaman Elite,dragonball,saibaman_elite.png,"Epic digital art of Saibaman Elite from Dragon Ball, mob design, fantasy style, high quality, detailed, 4k resolution"
Freya,classici,freya.png,"Epic digital art of Freya from Mitologia, character design, fantasy style, high quality, detailed, 4k resolution"
Freya,classici,freya.png,"Epic digital art of Freya from Mitologia, character design, fantasy style, high quality, detailed, 4k resolution"
Ryu,classici,ryu.png,"Epic digital art of Ryu from Street Fighter, character design, fantasy style, high quality, detailed, 4k resolution"
Ken,classici,ken.png,"Epic digital art of Ken from Street Fighter, character design, fantasy style, high quality, detailed, 4k resolution"
Akuma,classici,akuma.png,"Epic digital art of Akuma from Street Fighter, character design, fantasy style, high quality, detailed, 4k resolution"
Trunks Base,dragonball,trunks_base.png,"Epic digital art of Trunks Base from Dragon Ball, character design, fantasy style, high quality, detailed, 4k resolution"
Chain Chomp,mario,chain_chomp.png,"Epic digital art of Chain Chomp from Mario, mob design, fantasy style, high quality, detailed, 4k resolution"
Enderman,minecraft,enderman.png,"Epic digital art of Enderman from Minecraft, mob design, fantasy style, high quality, detailed, 4k resolution"
Witch,minecraft,witch.png,"Epic digital art of Witch from Minecraft, mob design, fantasy style, high quality, detailed, 4k resolution"
Blaze,minecraft,blaze.png,"Epic digital art of Blaze from Minecraft, mob design, fantasy style, high quality, detailed, 4k resolution"
Moblin,zelda,moblin.png,"Epic digital art of Moblin from Zelda, mob design, fantasy style, high quality, detailed, 4k resolution"
Lizalfos,zelda,lizalfos.png,"Epic digital art of Lizalfos from Zelda, mob design, fantasy style, high quality, detailed, 4k resolution"
Wizzrobe,zelda,wizzrobe.png,"Epic digital art of Wizzrobe from Zelda, mob design, fantasy style, high quality, detailed, 4k resolution"
Stalfos,zelda,stalfos.png,"Epic digital art of Stalfos from Zelda, mob design, fantasy style, high quality, detailed, 4k resolution"
Vortigaunt,half_life,vortigaunt.png,"Epic digital art of Vortigaunt from Half-Life, mob design, fantasy style, high quality, detailed, 4k resolution"
Combine Soldier,half_life,combine_soldier.png,"Epic digital art of Combine Soldier from Half-Life, mob design, fantasy style, high quality, detailed, 4k resolution"
Chozo Ghost,metroid,chozo_ghost.png,"Epic digital art of Chozo Ghost from Metroid, mob design, fantasy style, high quality, detailed, 4k resolution"
Elite,halo,elite.png,"Epic digital art of Elite from Halo, mob design, fantasy style, high quality, detailed, 4k resolution"
Sentinel,halo,sentinel.png,"Epic digital art of Sentinel from Halo, mob design, fantasy style, high quality, detailed, 4k resolution"
Flood Combat,halo,flood_combat.png,"Epic digital art of Flood Combat from Halo, mob design, fantasy style, high quality, detailed, 4k resolution"
Promethean Knight,halo,promethean_knight.png,"Epic digital art of Promethean Knight from Halo, mob design, fantasy style, high quality, detailed, 4k resolution"
Demon,doom,demon.png,"Epic digital art of Demon from Doom, mob design, fantasy style, high quality, detailed, 4k resolution"
Cacodemon,doom,cacodemon.png,"Epic digital art of Cacodemon from Doom, mob design, fantasy style, high quality, detailed, 4k resolution"
Revenant,doom,revenant.png,"Epic digital art of Revenant from Doom, mob design, fantasy style, high quality, detailed, 4k resolution"
Pain Elemental,doom,pain_elemental.png,"Epic digital art of Pain Elemental from Doom, mob design, fantasy style, high quality, detailed, 4k resolution"
Grenadier,gears_of_war,grenadier.png,"Epic digital art of Grenadier from Gears of War, mob design, fantasy style, high quality, detailed, 4k resolution"
Boomer,gears_of_war,boomer.png,"Epic digital art of Boomer from Gears of War, mob design, fantasy style, high quality, detailed, 4k resolution"
Kantus,gears_of_war,kantus.png,"Epic digital art of Kantus from Gears of War, mob design, fantasy style, high quality, detailed, 4k resolution"
Theron Guard,gears_of_war,theron_guard.png,"Epic digital art of Theron Guard from Gears of War, mob design, fantasy style, high quality, detailed, 4k resolution"
Xenomorph Warrior,alien,xenomorph_warrior.png,"Epic digital art of Xenomorph Warrior from Alien, mob design, fantasy style, high quality, detailed, 4k resolution"
Necromorph Divider,dead_space,necromorph_divider.png,"Epic digital art of Necromorph Divider from Dead Space, mob design, fantasy style, high quality, detailed, 4k resolution"
Houdini Splicer,bioshock,houdini_splicer.png,"Epic digital art of Houdini Splicer from Bioshock, mob design, fantasy style, high quality, detailed, 4k resolution"
Nitro Splicer,bioshock,nitro_splicer.png,"Epic digital art of Nitro Splicer from Bioshock, mob design, fantasy style, high quality, detailed, 4k resolution"
Scorpion,classici,scorpion.png,"Epic digital art of Scorpion from Mortal Kombat, character design, fantasy style, high quality, detailed, 4k resolution"
Sub-Zero,classici,sub-zero.png,"Epic digital art of Sub-Zero from Mortal Kombat, character design, fantasy style, high quality, detailed, 4k resolution"
Raiden,classici,raiden.png,"Epic digital art of Raiden from Mortal Kombat, character design, fantasy style, high quality, detailed, 4k resolution"
Solid Snake,classici,solid_snake.png,"Epic digital art of Solid Snake from Metal Gear, character design, fantasy style, high quality, detailed, 4k resolution"
Big Boss,classici,big_boss.png,"Epic digital art of Big Boss from Metal Gear, character design, fantasy style, high quality, detailed, 4k resolution"
Raiden MGS,classici,raiden_mgs.png,"Epic digital art of Raiden MGS from Metal Gear, character design, fantasy style, high quality, detailed, 4k resolution"
Mega Man,classici,mega_man.png,"Epic digital art of Mega Man from Mega Man, character design, fantasy style, high quality, detailed, 4k resolution"
Zero,classici,zero.png,"Epic digital art of Zero from Mega Man, character design, fantasy style, high quality, detailed, 4k resolution"
X,classici,x.png,"Epic digital art of X from Mega Man, character design, fantasy style, high quality, detailed, 4k resolution"
Ratchet,classici,ratchet.png,"Epic digital art of Ratchet from Ratchet & Clank, character design, fantasy style, high quality, detailed, 4k resolution"
Clank,classici,clank.png,"Epic digital art of Clank from Ratchet & Clank, character design, fantasy style, high quality, detailed, 4k resolution"
Dr. Nefarious,classici,dr._nefarious.png,"Epic digital art of Dr. Nefarious from Ratchet & Clank, character design, fantasy style, high quality, detailed, 4k resolution"
Ghast,minecraft,ghast.png,"Epic digital art of Ghast from Minecraft, mob design, fantasy style, high quality, detailed, 4k resolution"
Guardian,zelda,guardian.png,"Epic digital art of Guardian from Zelda, mob design, fantasy style, high quality, detailed, 4k resolution"
Hunter,halo,hunter.png,"Epic digital art of Hunter from Halo, mob design, fantasy style, high quality, detailed, 4k resolution"
Metroid,metroid,metroid.png,"Epic digital art of Metroid from Metroid, mob design, fantasy style, high quality, detailed, 4k resolution"
Phazon Elite,metroid,phazon_elite.png,"Epic digital art of Phazon Elite from Metroid, mob design, fantasy style, high quality, detailed, 4k resolution"
Sheegoth,metroid,sheegoth.png,"Epic digital art of Sheegoth from Metroid, mob design, fantasy style, high quality, detailed, 4k resolution"
Brute,halo,brute.png,"Epic digital art of Brute from Halo, mob design, fantasy style, high quality, detailed, 4k resolution"
Hunter,halo,hunter.png,"Epic digital art of Hunter from Halo, mob design, fantasy style, high quality, detailed, 4k resolution"
Baron of Hell,doom,baron_of_hell.png,"Epic digital art of Baron of Hell from Doom, mob design, fantasy style, high quality, detailed, 4k resolution"
Mancubus,doom,mancubus.png,"Epic digital art of Mancubus from Doom, mob design, fantasy style, high quality, detailed, 4k resolution"
Archvile,doom,archvile.png,"Epic digital art of Archvile from Doom, mob design, fantasy style, high quality, detailed, 4k resolution"
Hell Knight,doom,hell_knight.png,"Epic digital art of Hell Knight from Doom, mob design, fantasy style, high quality, detailed, 4k resolution"
Corpser,gears_of_war,corpser.png,"Epic digital art of Corpser from Gears of War, mob design, fantasy style, high quality, detailed, 4k resolution"
Praetorian,alien,praetorian.png,"Epic digital art of Praetorian from Alien, mob design, fantasy style, high quality, detailed, 4k resolution"
Necromorph Brute,dead_space,necromorph_brute.png,"Epic digital art of Necromorph Brute from Dead Space, mob design, fantasy style, high quality, detailed, 4k resolution"
Big Daddy,bioshock,big_daddy.png,"Epic digital art of Big Daddy from Bioshock, mob design, fantasy style, high quality, detailed, 4k resolution"
Nathan Drake,classici,nathan_drake.png,"Epic digital art of Nathan Drake from Uncharted, character design, fantasy style, high quality, detailed, 4k resolution"
Chloe Frazer,classici,chloe_frazer.png,"Epic digital art of Chloe Frazer from Uncharted, character design, fantasy style, high quality, detailed, 4k resolution"
Victor Sullivan,classici,victor_sullivan.png,"Epic digital art of Victor Sullivan from Uncharted, character design, fantasy style, high quality, detailed, 4k resolution"
Aloy,classici,aloy.png,"Epic digital art of Aloy from Horizon, character design, fantasy style, high quality, detailed, 4k resolution"
Erend,classici,erend.png,"Epic digital art of Erend from Horizon, character design, fantasy style, high quality, detailed, 4k resolution"
Varl,classici,varl.png,"Epic digital art of Varl from Horizon, character design, fantasy style, high quality, detailed, 4k resolution"
Joel,classici,joel.png,"Epic digital art of Joel from The Last of Us, character design, fantasy style, high quality, detailed, 4k resolution"
Ellie,classici,ellie.png,"Epic digital art of Ellie from The Last of Us, character design, fantasy style, high quality, detailed, 4k resolution"
Abby,classici,abby.png,"Epic digital art of Abby from The Last of Us, character design, fantasy style, high quality, detailed, 4k resolution"
Geralt,classici,geralt.png,"Epic digital art of Geralt from The Witcher, character design, fantasy style, high quality, detailed, 4k resolution"
Ciri,classici,ciri.png,"Epic digital art of Ciri from The Witcher, character design, fantasy style, high quality, detailed, 4k resolution"
Yennefer,classici,yennefer.png,"Epic digital art of Yennefer from The Witcher, character design, fantasy style, high quality, detailed, 4k resolution"
Ezio,classici,ezio.png,"Epic digital art of Ezio from Assassin's Creed, character design, fantasy style, high quality, detailed, 4k resolution"
Altair,classici,altair.png,"Epic digital art of Altair from Assassin's Creed, character design, fantasy style, high quality, detailed, 4k resolution"
Connor,classici,connor.png,"Epic digital art of Connor from Assassin's Creed, character design, fantasy style, high quality, detailed, 4k resolution"
C16,dragonball,c16.png,"Epic digital art of C16 from Dragon Ball, character design, fantasy style, high quality, detailed, 4k resolution"
C17,dragonball,c17.png,"Epic digital art of C17 from Dragon Ball, character design, fantasy style, high quality, detailed, 4k resolution"
C18,dragonball,c18.png,"Epic digital art of C18 from Dragon Ball, character design, fantasy style, high quality, detailed, 4k resolution"
Lynel,zelda,lynel.png,"Epic digital art of Lynel from Zelda, mob design, fantasy style, high quality, detailed, 4k resolution"
Strider,half_life,strider.png,"Epic digital art of Strider from Half-Life, mob design, fantasy style, high quality, detailed, 4k resolution"
Quadraxis,metroid,quadraxis.png,"Epic digital art of Quadraxis from Metroid, mob design, fantasy style, high quality, detailed, 4k resolution"
Ridley Clone,metroid,ridley_clone.png,"Epic digital art of Ridley Clone from Metroid, mob design, fantasy style, high quality, detailed, 4k resolution"
Kraid,metroid,kraid.png,"Epic digital art of Kraid from Metroid, mob design, fantasy style, high quality, detailed, 4k resolution"
Cyberdemon,doom,cyberdemon.png,"Epic digital art of Cyberdemon from Doom, mob design, fantasy style, high quality, detailed, 4k resolution"
Berserker,gears_of_war,berserker.png,"Epic digital art of Berserker from Gears of War, mob design, fantasy style, high quality, detailed, 4k resolution"
Brumak,gears_of_war,brumak.png,"Epic digital art of Brumak from Gears of War, mob design, fantasy style, high quality, detailed, 4k resolution"
Queen,alien,queen.png,"Epic digital art of Queen from Alien, mob design, fantasy style, high quality, detailed, 4k resolution"
Gohan SSJ,dragonball,gohan_ssj.png,"Epic digital art of Gohan SSJ from Dragon Ball, character design, fantasy style, high quality, detailed, 4k resolution"
Trunks SSJ,dragonball,trunks_ssj.png,"Epic digital art of Trunks SSJ from Dragon Ball, character design, fantasy style, high quality, detailed, 4k resolution"
Master Chief,halo,master_chief.png,"Epic digital art of Master Chief from Halo, character design, fantasy style, high quality, detailed, 4k resolution"
Arbiter,halo,arbiter.png,"Epic digital art of Arbiter from Halo, character design, fantasy style, high quality, detailed, 4k resolution"
Cortana,halo,cortana.png,"Epic digital art of Cortana from Halo, character design, fantasy style, high quality, detailed, 4k resolution"
Doom Slayer,doom,doom_slayer.png,"Epic digital art of Doom Slayer from Doom, character design, fantasy style, high quality, detailed, 4k resolution"
Samuel Hayden,doom,samuel_hayden.png,"Epic digital art of Samuel Hayden from Doom, character design, fantasy style, high quality, detailed, 4k resolution"
Vega,doom,vega.png,"Epic digital art of Vega from Doom, character design, fantasy style, high quality, detailed, 4k resolution"
Shepard,classici,shepard.png,"Epic digital art of Shepard from Mass Effect, character design, fantasy style, high quality, detailed, 4k resolution"
Garrus,classici,garrus.png,"Epic digital art of Garrus from Mass Effect, character design, fantasy style, high quality, detailed, 4k resolution"
Liara,classici,liara.png,"Epic digital art of Liara from Mass Effect, character design, fantasy style, high quality, detailed, 4k resolution"
Vegeta SSJ2,dragonball,vegeta_ssj2.png,"Epic digital art of Vegeta SSJ2 from Dragon Ball, character design, fantasy style, high quality, detailed, 4k resolution"
Gohan SSJ2,dragonball,gohan_ssj2.png,"Epic digital art of Gohan SSJ2 from Dragon Ball, character design, fantasy style, high quality, detailed, 4k resolution"
Freezer (Prima Forma),dragonball,freezer_(prima_forma).png,"Epic digital art of Freezer (Prima Forma) from Dragon Ball, character design, fantasy style, high quality, detailed, 4k resolution"
Kirby,classici,kirby.png,"Epic digital art of Kirby from Kirby, character design, fantasy style, high quality, detailed, 4k resolution"
Meta Knight,classici,meta_knight.png,"Epic digital art of Meta Knight from Kirby, character design, fantasy style, high quality, detailed, 4k resolution"
King Dedede,classici,king_dedede.png,"Epic digital art of King Dedede from Kirby, character design, fantasy style, high quality, detailed, 4k resolution"
Fox McCloud,classici,fox_mccloud.png,"Epic digital art of Fox McCloud from Star Fox, character design, fantasy style, high quality, detailed, 4k resolution"
Falco,classici,falco.png,"Epic digital art of Falco from Star Fox, character design, fantasy style, high quality, detailed, 4k resolution"
Wolf,classici,wolf.png,"Epic digital art of Wolf from Star Fox, character design, fantasy style, high quality, detailed, 4k resolution"
Sora,classici,sora.png,"Epic digital art of Sora from Kingdom Hearts, character design, fantasy style, high quality, detailed, 4k resolution"
Riku,classici,riku.png,"Epic digital art of Riku from Kingdom Hearts, character design, fantasy style, high quality, detailed, 4k resolution"
Kairi,classici,kairi.png,"Epic digital art of Kairi from Kingdom Hearts, character design, fantasy style, high quality, detailed, 4k resolution"
Jak,classici,jak.png,"Epic digital art of Jak from Jak and Daxter, character design, fantasy style, high quality, detailed, 4k resolution"
Daxter,classici,daxter.png,"Epic digital art of Daxter from Jak and Daxter, character design, fantasy style, high quality, detailed, 4k resolution"
Torn,classici,torn.png,"Epic digital art of Torn from Jak and Daxter, character design, fantasy style, high quality, detailed, 4k resolution"
Banjo,classici,banjo.png,"Epic digital art of Banjo from Banjo-Kazooie, character design, fantasy style, high quality, detailed, 4k resolution"
Kazooie,classici,kazooie.png,"Epic digital art of Kazooie from Banjo-Kazooie, character design, fantasy style, high quality, detailed, 4k resolution"
Mumbo Jumbo,classici,mumbo_jumbo.png,"Epic digital art of Mumbo Jumbo from Banjo-Kazooie, character design, fantasy style, high quality, detailed, 4k resolution"
Freezer (Seconda Forma),dragonball,freezer_(seconda_forma).png,"Epic digital art of Freezer (Seconda Forma) from Dragon Ball, character design, fantasy style, high quality, detailed, 4k resolution"
Vegeta SSJ3,dragonball,vegeta_ssj3.png,"Epic digital art of Vegeta SSJ3 from Dragon Ball, character design, fantasy style, high quality, detailed, 4k resolution"
Gotenks SSJ3,dragonball,gotenks_ssj3.png,"Epic digital art of Gotenks SSJ3 from Dragon Ball, character design, fantasy style, high quality, detailed, 4k resolution"
Rayman,classici,rayman.png,"Epic digital art of Rayman from Rayman, character design, fantasy style, high quality, detailed, 4k resolution"
Globox,classici,globox.png,"Epic digital art of Globox from Rayman, character design, fantasy style, high quality, detailed, 4k resolution"
Barbara,classici,barbara.png,"Epic digital art of Barbara from Rayman, character design, fantasy style, high quality, detailed, 4k resolution"
Lara Croft,classici,lara_croft.png,"Epic digital art of Lara Croft from Tomb Raider, character design, fantasy style, high quality, detailed, 4k resolution"
Sam Nishimura,classici,sam_nishimura.png,"Epic digital art of Sam Nishimura from Tomb Raider, character design, fantasy style, high quality, detailed, 4k resolution"
Jonah Maiava,classici,jonah_maiava.png,"Epic digital art of Jonah Maiava from Tomb Raider, character design, fantasy style, high quality, detailed, 4k resolution"
Bayonetta,classici,bayonetta.png,"Epic digital art of Bayonetta from Bayonetta, character design, fantasy style, high quality, detailed, 4k resolution"
Jeanne,classici,jeanne.png,"Epic digital art of Jeanne from Bayonetta, character design, fantasy style, high quality, detailed, 4k resolution"
Rodin,classici,rodin.png,"Epic digital art of Rodin from Bayonetta, character design, fantasy style, high quality, detailed, 4k resolution"
Goku SSJ4,dragonball,goku_ssj4.png,"Epic digital art of Goku SSJ4 from Dragon Ball, character design, fantasy style, high quality, detailed, 4k resolution"
Vegeta SSJ4,dragonball,vegeta_ssj4.png,"Epic digital art of Vegeta SSJ4 from Dragon Ball, character design, fantasy style, high quality, detailed, 4k resolution"
Gogeta SSJ4,dragonball,gogeta_ssj4.png,"Epic digital art of Gogeta SSJ4 from Dragon Ball, character design, fantasy style, high quality, detailed, 4k resolution"
Freezer (Terza Forma),dragonball,freezer_(terza_forma).png,"Epic digital art of Freezer (Terza Forma) from Dragon Ball, character design, fantasy style, high quality, detailed, 4k resolution"
Ness,classici,ness.png,"Epic digital art of Ness from Earthbound, character design, fantasy style, high quality, detailed, 4k resolution"
Lucas,classici,lucas.png,"Epic digital art of Lucas from Earthbound, character design, fantasy style, high quality, detailed, 4k resolution"
Porky,classici,porky.png,"Epic digital art of Porky from Earthbound, character design, fantasy style, high quality, detailed, 4k resolution"
Pit,classici,pit.png,"Epic digital art of Pit from Kid Icarus, character design, fantasy style, high quality, detailed, 4k resolution"
Dark Pit,classici,dark_pit.png,"Epic digital art of Dark Pit from Kid Icarus, character design, fantasy style, high quality, detailed, 4k resolution"
Palutena,classici,palutena.png,"Epic digital art of Palutena from Kid Icarus, character design, fantasy style, high quality, detailed, 4k resolution"
Reyn,classici,reyn.png,"Epic digital art of Reyn from Xenoblade, character design, fantasy style, high quality, detailed, 4k resolution"
Fiora,classici,fiora.png,"Epic digital art of Fiora from Xenoblade, character design, fantasy style, high quality, detailed, 4k resolution"
Isaac,classici,isaac.png,"Epic digital art of Isaac from Golden Sun, character design, fantasy style, high quality, detailed, 4k resolution"
Garet,classici,garet.png,"Epic digital art of Garet from Golden Sun, character design, fantasy style, high quality, detailed, 4k resolution"
Ivan,classici,ivan.png,"Epic digital art of Ivan from Golden Sun, character design, fantasy style, high quality, detailed, 4k resolution"
Marth,classici,marth.png,"Epic digital art of Marth from Fire Emblem, character design, fantasy style, high quality, detailed, 4k resolution"
Roy,classici,roy.png,"Epic digital art of Roy from Fire Emblem, character design, fantasy style, high quality, detailed, 4k resolution"
Ike,classici,ike.png,"Epic digital art of Ike from Fire Emblem, character design, fantasy style, high quality, detailed, 4k resolution"
Chrom,classici,chrom.png,"Epic digital art of Chrom from Fire Emblem, character design, fantasy style, high quality, detailed, 4k resolution"
Lucina,classici,lucina.png,"Epic digital art of Lucina from Fire Emblem, character design, fantasy style, high quality, detailed, 4k resolution"
Robin,classici,robin.png,"Epic digital art of Robin from Fire Emblem, character design, fantasy style, high quality, detailed, 4k resolution"
Corrin,classici,corrin.png,"Epic digital art of Corrin from Fire Emblem, character design, fantasy style, high quality, detailed, 4k resolution"
Byleth,classici,byleth.png,"Epic digital art of Byleth from Fire Emblem, character design, fantasy style, high quality, detailed, 4k resolution"
Edelgard,classici,edelgard.png,"Epic digital art of Edelgard from Fire Emblem, character design, fantasy style, high quality, detailed, 4k resolution"
Goku SSJ Blue,dragonball,goku_ssj_blue.png,"Epic digital art of Goku SSJ Blue from Dragon Ball, character design, fantasy style, high quality, detailed, 4k resolution"
Vegeta SSJ Blue,dragonball,vegeta_ssj_blue.png,"Epic digital art of Vegeta SSJ Blue from Dragon Ball, character design, fantasy style, high quality, detailed, 4k resolution"
Vegito Blue,dragonball,vegito_blue.png,"Epic digital art of Vegito Blue from Dragon Ball, character design, fantasy style, high quality, detailed, 4k resolution"
Captain Falcon,classici,captain_falcon.png,"Epic digital art of Captain Falcon from F-Zero, character design, fantasy style, high quality, detailed, 4k resolution"
Samurai Goroh,classici,samurai_goroh.png,"Epic digital art of Samurai Goroh from F-Zero, character design, fantasy style, high quality, detailed, 4k resolution"
Black Shadow,classici,black_shadow.png,"Epic digital art of Black Shadow from F-Zero, character design, fantasy style, high quality, detailed, 4k resolution"
Goku Ultra Instinct,dragonball,goku_ultra_instinct.png,"Epic digital art of Goku Ultra Instinct from Dragon Ball, character design, fantasy style, high quality, detailed, 4k resolution"
Jiren,dragonball,jiren.png,"Epic digital art of Jiren from Dragon Ball, character design, fantasy style, high quality, detailed, 4k resolution"
Olimar,classici,olimar.png,"Epic digital art of Olimar from Pikmin, character design, fantasy style, high quality, detailed, 4k resolution"
Louie,classici,louie.png,"Epic digital art of Louie from Pikmin, character design, fantasy style, high quality, detailed, 4k resolution"
Alph,classici,alph.png,"Epic digital art of Alph from Pikmin, character design, fantasy style, high quality, detailed, 4k resolution"
Villager,classici,villager.png,"Epic digital art of Villager from Animal Crossing, character design, fantasy style, high quality, detailed, 4k resolution"
Isabelle,classici,isabelle.png,"Epic digital art of Isabelle from Animal Crossing, character design, fantasy style, high quality, detailed, 4k resolution"
Tom Nook,classici,tom_nook.png,"Epic digital art of Tom Nook from Animal Crossing, character design, fantasy style, high quality, detailed, 4k resolution"
Freezer First Form,dragonball,freezer_first_form.png,"Epic digital art of Freezer First Form from Dragon Ball, boss design, fantasy style, high quality, detailed, 4k resolution"
Inkling,classici,inkling.png,"Epic digital art of Inkling from Splatoon, character design, fantasy style, high quality, detailed, 4k resolution"
Octoling,classici,octoling.png,"Epic digital art of Octoling from Splatoon, character design, fantasy style, high quality, detailed, 4k resolution"
Agent 3,classici,agent_3.png,"Epic digital art of Agent 3 from Splatoon, character design, fantasy style, high quality, detailed, 4k resolution"
C17,dragonball,c17.png,"Epic digital art of C17 from Dragon Ball, boss design, fantasy style, high quality, detailed, 4k resolution"
C18,dragonball,c18.png,"Epic digital art of C18 from Dragon Ball, boss design, fantasy style, high quality, detailed, 4k resolution"
Freezer Second Form,dragonball,freezer_second_form.png,"Epic digital art of Freezer Second Form from Dragon Ball, boss design, fantasy style, high quality, detailed, 4k resolution"
Freezer Third Form,dragonball,freezer_third_form.png,"Epic digital art of Freezer Third Form from Dragon Ball, boss design, fantasy style, high quality, detailed, 4k resolution"
Steve,minecraft,steve.png,"Epic digital art of Steve from Minecraft, character design, fantasy style, high quality, detailed, 4k resolution"
Alex,minecraft,alex.png,"Epic digital art of Alex from Minecraft, character design, fantasy style, high quality, detailed, 4k resolution"
Herobrine,minecraft,herobrine.png,"Epic digital art of Herobrine from Minecraft, character design, fantasy style, high quality, detailed, 4k resolution"
Cell Imperfect,dragonball,cell_imperfect.png,"Epic digital art of Cell Imperfect from Dragon Ball, boss design, fantasy style, high quality, detailed, 4k resolution"
Ryu Hayabusa,classici,ryu_hayabusa.png,"Epic digital art of Ryu Hayabusa from Ninja Gaiden, character design, fantasy style, high quality, detailed, 4k resolution"
Ayane,classici,ayane.png,"Epic digital art of Ayane from Ninja Gaiden, character design, fantasy style, high quality, detailed, 4k resolution"
Kasumi,classici,kasumi.png,"Epic digital art of Kasumi from Ninja Gaiden, character design, fantasy style, high quality, detailed, 4k resolution"
Cell (Super Perfetto),dragonball,cell_(super_perfetto).png,"Epic digital art of Cell (Super Perfetto) from Dragon Ball, character design, fantasy style, high quality, detailed, 4k resolution"
Gohan Beast,dragonball,gohan_beast.png,"Epic digital art of Gohan Beast from Dragon Ball, character design, fantasy style, high quality, detailed, 4k resolution"
Orange Piccolo,dragonball,orange_piccolo.png,"Epic digital art of Orange Piccolo from Dragon Ball, character design, fantasy style, high quality, detailed, 4k resolution"
Vegeta Ultra Ego,dragonball,vegeta_ultra_ego.png,"Epic digital art of Vegeta Ultra Ego from Dragon Ball, character design, fantasy style, high quality, detailed, 4k resolution"
Songbird,bioshock,songbird.png,"Epic digital art of Songbird from Bioshock, boss design, fantasy style, high quality, detailed, 4k resolution"
Sackboy,classici,sackboy.png,"Epic digital art of Sackboy from LittleBigPlanet, character design, fantasy style, high quality, detailed, 4k resolution"
Oddsock,classici,oddsock.png,"Epic digital art of Oddsock from LittleBigPlanet, character design, fantasy style, high quality, detailed, 4k resolution"
Toggle,classici,toggle.png,"Epic digital art of Toggle from LittleBigPlanet, character design, fantasy style, high quality, detailed, 4k resolution"
Cyberdemon,doom,cyberdemon.png,"Epic digital art of Cyberdemon from Doom, boss design, fantasy style, high quality, detailed, 4k resolution"
Crash Bandicoot Evolved,crash_bandicoot,crash_bandicoot_evolved.png,"Epic digital art of Crash Bandicoot Evolved from Crash Bandicoot, character design, fantasy style, high quality, detailed, 4k resolution"
Coco Bandicoot,crash_bandicoot,coco_bandicoot.png,"Epic digital art of Coco Bandicoot from Crash Bandicoot, character design, fantasy style, high quality, detailed, 4k resolution"
Aku Aku Spirit,crash_bandicoot,aku_aku_spirit.png,"Epic digital art of Aku Aku Spirit from Crash Bandicoot, character design, fantasy style, high quality, detailed, 4k resolution"
The Gravemind,halo,the_gravemind.png,"Epic digital art of The Gravemind from Halo, boss design, fantasy style, high quality, detailed, 4k resolution"
General RAAM,gears_of_war,general_raam.png,"Epic digital art of General RAAM from Gears of War, boss design, fantasy style, high quality, detailed, 4k resolution"
Spyro Elder,spyro,spyro_elder.png,"Epic digital art of Spyro Elder from Spyro, character design, fantasy style, high quality, detailed, 4k resolution"
Cynder,spyro,cynder.png,"Epic digital art of Cynder from Spyro, character design, fantasy style, high quality, detailed, 4k resolution"
Malefor,spyro,malefor.png,"Epic digital art of Malefor from Spyro, character design, fantasy style, high quality, detailed, 4k resolution"
Alien Queen,alien,alien_queen.png,"Epic digital art of Alien Queen from Alien, boss design, fantasy style, high quality, detailed, 4k resolution"
Sonic Super,sonic,sonic_super.png,"Epic digital art of Sonic Super from Sonic, character design, fantasy style, high quality, detailed, 4k resolution"
Shadow Chaos,sonic,shadow_chaos.png,"Epic digital art of Shadow Chaos from Sonic, character design, fantasy style, high quality, detailed, 4k resolution"
Silver Psychic,sonic,silver_psychic.png,"Epic digital art of Silver Psychic from Sonic, character design, fantasy style, high quality, detailed, 4k resolution"
Hungarian Horntail,classici,hungarian_horntail.png,"Epic digital art of Hungarian Horntail from Harry Potter Dragons, character design, fantasy style, high quality, detailed, 4k resolution"
Chinese Fireball,classici,chinese_fireball.png,"Epic digital art of Chinese Fireball from Harry Potter Dragons, character design, fantasy style, high quality, detailed, 4k resolution"
Swedish Short-Snout,classici,swedish_short-snout.png,"Epic digital art of Swedish Short-Snout from Harry Potter Dragons, character design, fantasy style, high quality, detailed, 4k resolution"
Golden Freezer,dragonball,golden_freezer.png,"Epic digital art of Golden Freezer from Dragon Ball, character design, fantasy style, high quality, detailed, 4k resolution"
Super Buu,dragonball,super_buu.png,"Epic digital art of Super Buu from Dragon Ball, character design, fantasy style, high quality, detailed, 4k resolution"
Common Welsh Green,classici,common_welsh_green.png,"Epic digital art of Common Welsh Green from Harry Potter Dragons, character design, fantasy style, high quality, detailed, 4k resolution"
Hebridean Black,classici,hebridean_black.png,"Epic digital art of Hebridean Black from Harry Potter Dragons, character design, fantasy style, high quality, detailed, 4k resolution"
Norwegian Ridgeback,classici,norwegian_ridgeback.png,"Epic digital art of Norwegian Ridgeback from Harry Potter Dragons, character design, fantasy style, high quality, detailed, 4k resolution"
Romanian Longhorn,classici,romanian_longhorn.png,"Epic digital art of Romanian Longhorn from Harry Potter Dragons, character design, fantasy style, high quality, detailed, 4k resolution"
Peruvian Vipertooth,classici,peruvian_vipertooth.png,"Epic digital art of Peruvian Vipertooth from Harry Potter Dragons, character design, fantasy style, high quality, detailed, 4k resolution"
Antipodean Opaleye,classici,antipodean_opaleye.png,"Epic digital art of Antipodean Opaleye from Harry Potter Dragons, character design, fantasy style, high quality, detailed, 4k resolution"
Ukrainian Ironbelly,classici,ukrainian_ironbelly.png,"Epic digital art of Ukrainian Ironbelly from Harry Potter Dragons, character design, fantasy style, high quality, detailed, 4k resolution"
Catalonian Fireball,classici,catalonian_fireball.png,"Epic digital art of Catalonian Fireball from Harry Potter Dragons, character design, fantasy style, high quality, detailed, 4k resolution"
Portuguese Long-Snout,classici,portuguese_long-snout.png,"Epic digital art of Portuguese Long-Snout from Harry Potter Dragons, character design, fantasy style, high quality, detailed, 4k resolution"
Gringotts Dragon,classici,gringotts_dragon.png,"Epic digital art of Gringotts Dragon from Harry Potter Dragons, character design, fantasy style, high quality, detailed, 4k resolution"
Norbert,classici,norbert.png,"Epic digital art of Norbert from Harry Potter Dragons, character design, fantasy style, high quality, detailed, 4k resolution"
Dragon Keeper,classici,dragon_keeper.png,"Epic digital art of Dragon Keeper from Harry Potter Dragons, character design, fantasy style, high quality, detailed, 4k resolution"
Bahamut,final_fantasy,bahamut.png,"Epic digital art of Bahamut from Final Fantasy, character design, fantasy style, high quality, detailed, 4k resolution"
Tiamat,final_fantasy,tiamat.png,"Epic digital art of Tiamat from Final Fantasy, character design, fantasy style, high quality, detailed, 4k resolution"
Leviathan,final_fantasy,leviathan.png,"Epic digital art of Leviathan from Final Fantasy, character design, fantasy style, high quality, detailed, 4k resolution"
Kid Buu,dragonball,kid_buu.png,"Epic digital art of Kid Buu from Dragon Ball, character design, fantasy style, high quality, detailed, 4k resolution"
Ifrit,final_fantasy,ifrit.png,"Epic digital art of Ifrit from Final Fantasy, character design, fantasy style, high quality, detailed, 4k resolution"
Shiva,classici,shiva.png,"Epic digital art of Shiva from Mitologia, character design, fantasy style, high quality, detailed, 4k resolution"
Ramuh,final_fantasy,ramuh.png,"Epic digital art of Ramuh from Final Fantasy, character design, fantasy style, high quality, detailed, 4k resolution"
Shiva,classici,shiva.png,"Epic digital art of Shiva from Mitologia, character design, fantasy style, high quality, detailed, 4k resolution"
Odin,classici,odin.png,"Epic digital art of Odin from Mitologia, character design, fantasy style, high quality, detailed, 4k resolution"
Alexander,final_fantasy,alexander.png,"Epic digital art of Alexander from Final Fantasy, character design, fantasy style, high quality, detailed, 4k resolution"
Phoenix,final_fantasy,phoenix.png,"Epic digital art of Phoenix from Final Fantasy, character design, fantasy style, high quality, detailed, 4k resolution"
Odin,classici,odin.png,"Epic digital art of Odin from Mitologia, character design, fantasy style, high quality, detailed, 4k resolution"
Knights of the Round,final_fantasy,knights_of_the_round.png,"Epic digital art of Knights of the Round from Final Fantasy, character design, fantasy style, high quality, detailed, 4k resolution"
Yojimbo,final_fantasy,yojimbo.png,"Epic digital art of Yojimbo from Final Fantasy, character design, fantasy style, high quality, detailed, 4k resolution"
Anima,final_fantasy,anima.png,"Epic digital art of Anima from Final Fantasy, character design, fantasy style, high quality, detailed, 4k resolution"
Ark,final_fantasy,ark.png,"Epic digital art of Ark from Final Fantasy, character design, fantasy style, high quality, detailed, 4k resolution"
Eden,final_fantasy,eden.png,"Epic digital art of Eden from Final Fantasy, character design, fantasy style, high quality, detailed, 4k resolution"
Doomtrain,final_fantasy,doomtrain.png,"Epic digital art of Doomtrain from Final Fantasy, character design, fantasy style, high quality, detailed, 4k resolution"
Zodiark,final_fantasy,zodiark.png,"Epic digital art of Zodiark from Final Fantasy, character design, fantasy style, high quality, detailed, 4k resolution"
Ultima,final_fantasy,ultima.png,"Epic digital art of Ultima from Final Fantasy, character design, fantasy style, high quality, detailed, 4k resolution"
Exodus,final_fantasy,exodus.png,"Epic digital art of Exodus from Final Fantasy, character design, fantasy style, high quality, detailed, 4k resolution"
Arceus,pokemon,arceus.png,"Epic digital art of Arceus from Pokemon, character design, fantasy style, high quality, detailed, 4k resolution"
Dialga,pokemon,dialga.png,"Epic digital art of Dialga from Pokemon, character design, fantasy style, high quality, detailed, 4k resolution"
Palkia,pokemon,palkia.png,"Epic digital art of Palkia from Pokemon, character design, fantasy style, high quality, detailed, 4k resolution"
Giratina,pokemon,giratina.png,"Epic digital art of Giratina from Pokemon, character design, fantasy style, high quality, detailed, 4k resolution"
Rayquaza,pokemon,rayquaza.png,"Epic digital art of Rayquaza from Pokemon, character design, fantasy style, high quality, detailed, 4k resolution"
Groudon,pokemon,groudon.png,"Epic digital art of Groudon from Pokemon, character design, fantasy style, high quality, detailed, 4k resolution"
Kyogre,pokemon,kyogre.png,"Epic digital art of Kyogre from Pokemon, character design, fantasy style, high quality, detailed, 4k resolution"
Mewtwo,pokemon,mewtwo.png,"Epic digital art of Mewtwo from Pokemon, character design, fantasy style, high quality, detailed, 4k resolution"
Lugia,pokemon,lugia.png,"Epic digital art of Lugia from Pokemon, character design, fantasy style, high quality, detailed, 4k resolution"
Ho-Oh,pokemon,ho-oh.png,"Epic digital art of Ho-Oh from Pokemon, character design, fantasy style, high quality, detailed, 4k resolution"
Celebi,pokemon,celebi.png,"Epic digital art of Celebi from Pokemon, character design, fantasy style, high quality, detailed, 4k resolution"
Jirachi,pokemon,jirachi.png,"Epic digital art of Jirachi from Pokemon, character design, fantasy style, high quality, detailed, 4k resolution"
Shenron,dragonball,shenron.png,"Epic digital art of Shenron from Dragon Ball, character design, fantasy style, high quality, detailed, 4k resolution"
Porunga,dragonball,porunga.png,"Epic digital art of Porunga from Dragon Ball, character design, fantasy style, high quality, detailed, 4k resolution"
Super Shenron,dragonball,super_shenron.png,"Epic digital art of Super Shenron from Dragon Ball, character design, fantasy style, high quality, detailed, 4k resolution"
Zeus,classici,zeus.png,"Epic digital art of Zeus from Mitologia, character design, fantasy style, high quality, detailed, 4k resolution"
Poseidon,classici,poseidon.png,"Epic digital art of Poseidon from Mitologia, character design, fantasy style, high quality, detailed, 4k resolution"
Hades,classici,hades.png,"Epic digital art of Hades from Mitologia, character design, fantasy style, high quality, detailed, 4k resolution"
Athena,classici,athena.png,"Epic digital art of Athena from Mitologia, character design, fantasy style, high quality, detailed, 4k resolution"
Ares,classici,ares.png,"Epic digital art of Ares from Mitologia, character design, fantasy style, high quality, detailed, 4k resolution"
Apollo,classici,apollo.png,"Epic digital art of Apollo from Mitologia, character design, fantasy style, high quality, detailed, 4k resolution"
Artemis,classici,artemis.png,"Epic digital art of Artemis from Mitologia, character design, fantasy style, high quality, detailed, 4k resolution"
Hera,classici,hera.png,"Epic digital art of Hera from Mitologia, character design, fantasy style, high quality, detailed, 4k resolution"
Hermes,classici,hermes.png,"Epic digital art of Hermes from Mitologia, character design, fantasy style, high quality, detailed, 4k resolution"
Thor,classici,thor.png,"Epic digital art of Thor from Mitologia, character design, fantasy style, high quality, detailed, 4k resolution"
Loki,classici,loki.png,"Epic digital art of Loki from Mitologia, character design, fantasy style, high quality, detailed, 4k resolution"
Tyr,classici,tyr.png,"Epic digital art of Tyr from Mitologia, character design, fantasy style, high quality, detailed, 4k resolution"
Heimdall,classici,heimdall.png,"Epic digital art of Heimdall from Mitologia, character design, fantasy style, high quality, detailed, 4k resolution"
Set,classici,set.png,"Epic digital art of Set from Mitologia, character design, fantasy style, high quality, detailed, 4k resolution"
Susanoo,classici,susanoo.png,"Epic digital art of Susanoo from Mitologia, character design, fantasy style, high quality, detailed, 4k resolution"
Tsukuyomi,classici,tsukuyomi.png,"Epic digital art of Tsukuyomi from Mitologia, character design, fantasy style, high quality, detailed, 4k resolution"
The One Above All,classici,the_one_above_all.png,"Epic digital art of The One Above All from Mitologia, character design, fantasy style, high quality, detailed, 4k resolution"
Brahma,classici,brahma.png,"Epic digital art of Brahma from Mitologia, character design, fantasy style, high quality, detailed, 4k resolution"
Vishnu,classici,vishnu.png,"Epic digital art of Vishnu from Mitologia, character design, fantasy style, high quality, detailed, 4k resolution"
Parvati,classici,parvati.png,"Epic digital art of Parvati from Mitologia, character design, fantasy style, high quality, detailed, 4k resolution"
Ganesha,classici,ganesha.png,"Epic digital art of Ganesha from Mitologia, character design, fantasy style, high quality, detailed, 4k resolution"
